facility_id,amenity_type,name,lat,lon
454697962,pharmacy,Humana,42.5758656,21.5793192
454704042,hospital,QKMF Kamenica,42.5763475,21.580115
517589630,hospital,Klinika Kirurgjike,42.6443638,21.1623712
603647263,doctors,Ars Dent,42.6683926,21.1752568
612468828,doctors,Kirurgjia,42.6575805,21.1562458
683113552,hospital,Ambulanca Medicinale për Familje,41.991036,20.706698
695414447,pharmacy,Barnatore Olisa,42.6371156,21.0924325
800644182,pharmacy,RAMKU Pharmacy,42.6556532,21.1772096
826704200,pharmacy,Fidanfarm,42.650795,21.1575166
941178965,hospital,Poliklinika GALAXY,42.6536811,21.1514818
1016618064,clinic,"Klinika Private ""Diagnoza""",42.470487,21.4644709
1033293864,pharmacy,Unknown,42.5837727,21.574977
1033295969,pharmacy,Unknown,42.5764566,21.5805347
1033297390,pharmacy,Unknown,42.5888814,21.5753092
1122601139,pharmacy,"Depo Parafarmaceutike ""SHEMO""",42.224914,20.7298712
1213872829,doctors,Joni Dent (Dental),42.6490915,21.161875
1215015781,pharmacy,Barnatore A,42.6570447,21.1667089
1235769462,doctors,"Ordinanca Pediatrika ""RRITU""",42.6552941,21.178945
1298871586,pharmacy,Luma,42.2232853,20.7330446
1344618310,pharmacy,"Barnatore ""REMEDIA"" Driton Berisha",42.6551749,20.2929283
1484015750,pharmacy,Barnatore,42.5823576,21.5737717
1558177872,pharmacy,Unknown,42.8889044,20.8676895
1558177873,pharmacy,Albi Pharm,42.8888841,20.8675467
1558177874,pharmacy,Unknown,42.8887128,20.867714
1558177875,pharmacy,Gentiana Lutea,42.8880843,20.8679422
1558177877,pharmacy,Unknown,42.8874645,20.8674877
1559933833,pharmacy,Unknown,42.6150243,21.1790741
1563597033,pharmacy,Barnatorja e shtetit,42.888694,20.8696341
1590123337,hospital,Qedra Mjeksore,42.2247049,20.7415273
1623017886,pharmacy,Vita Barnatore,42.6525806,21.1585395
1650180955,pharmacy,Barnatore,42.2237666,20.7114621
1655990139,dentist,New Dent,42.6423615,21.1541974
1675722426,pharmacy,Unknown,42.2169919,20.7433631
1688486048,clinic,Qendra e Shendetit Mental,42.6618424,20.2742939
1688500365,clinic,Qendra e Mjeksise Familjare,42.6605649,20.2834918
1699886331,clinic,Qendra e Mjekësisë Familjare,42.6705506,21.165047
1764242860,clinic,Qendra e Mjekësisë Familjare Dardani,42.6526257,21.1575312
1771378069,hospital,Instituti Kombëtar i Shëndetësisë Publike,42.6455482,21.1594896
1839050261,pharmacy,Barnatorja Arbëri,42.2153932,20.7301642
1902392092,hospital,Dom Zdravlja,42.0543984,20.6952872
2051042129,clinic,QMF Tusuz,42.2002468,20.7142713
2162606436,dentist,Medinter,42.6481476,21.1620922
2162845592,pharmacy,Barnatore Aura,42.6481042,21.1623351
2162845593,pharmacy,Barnatore Pharmacy NIKI,42.6481236,21.1624111
2162845594,pharmacy,Barnatore Pharmacy,42.6482218,21.162334
2162845595,pharmacy,Barnatore Zana Pharm,42.6481559,21.1624187
2162845597,hospital,Fakulteti i Mjeksise - Institutet A,42.6462858,21.160886
2162845598,hospital,Fakulteti i Mjeksise - Institutet B,42.6464288,21.159779
2162845599,hospital,Fakulteti i Stomatologjise/Klinika e Stomatologjise,42.6458399,21.1617977
2162845600,pharmacy,Fati Im-Laboratori,42.648,21.1619136
2162845609,hospital,Klinika Interne,42.6448343,21.1620038
2162845617,hospital,Klinika Psikiatrike 2(e vjeter),42.6432019,21.1600412
2162845626,hospital,Klinika e Kirurgjise,42.6444757,21.1634351
2162845629,hospital,Klinika e Neurologjisë,42.6431303,21.1605899
2162845633,hospital,Klinika e Syve,42.6445863,21.1624228
2162845634,hospital,"Klinika per Vesh,Fyt dhe Hunde",42.6445371,21.1631697
2162845644,pharmacy,Pharmacy Barnatore,42.644556,21.1602738
2162845662,hospital,Qendra Obstetrike dhe Gjinekologjike,42.6445032,21.1642204
2162845811,hospital,Fizioterapi,42.644001,21.1637001
2162845813,hospital,Klinika e kirurgjise se femijeve,42.6441263,21.1636073
2162845817,doctors,Ordinanca Infektologjike,42.6485329,21.1626759
2162845819,hospital,Pediatria,42.6455841,21.164381
2162845822,pharmacy,Chamomila,42.6482015,21.1623901
2162845825,hospital,014,42.645874,21.1650448
2164086550,pharmacy,Green Pharmacy,42.6638728,21.1610459
2164142526,pharmacy,Valeriana,42.6615738,21.1596849
2185708275,pharmacy,Barnatore Global Pharm,42.6552097,21.1568563
2235479191,clinic,Klinika Veterinare 'SPANA',42.6526214,21.1530374
2310393137,pharmacy,Rizvanolli,42.3695469,20.4310036
2310393139,pharmacy,Bima Bli,42.3697808,20.4308651
2315664073,doctors,Instituti i Shëndetit Mendor,42.3722518,20.4369294
2379038203,hospital,Mitrovica Hospital South,42.8862018,20.873612
2440877084,pharmacy,Unknown,42.3695857,20.4311955
2449367443,pharmacy,Unknown,42.5016465,20.916424
2556861579,pharmacy,Unknown,42.8841396,20.8711131
2556861583,pharmacy,Unknown,42.8843764,20.8707447
2557061124,doctors,Unknown,42.8883647,20.8661055
2557107067,dentist,Dental Family,42.8853437,20.8691026
2582405886,hospital,Sheik Zahid,42.8247336,20.9644824
2631189964,hospital,Unknown,42.5931089,21.1391561
2708579510,dentist,"Ordinanca Dentare ""FRIDENT""",42.4595365,21.4735768
2708582039,clinic,Ordinanca Specialistike,42.4595503,21.4735003
2708586577,clinic,Frident,42.4643852,21.4698863
3213240406,pharmacy,Unknown,42.4749962,20.2761967
3213255744,dentist,Unknown,42.4748496,20.275929
3396483987,pharmacy,Unknown,42.5738351,21.2464188
3728352015,pharmacy,Barnatore Ideali,42.5363873,21.0088494
3731111167,pharmacy,Edi Farm,42.3902628,20.4261838
3751733685,pharmacy,Gega Farm,42.3697441,20.4312346
3751733686,pharmacy,Hygia,42.3698875,20.4308025
3751737043,pharmacy,Unknown,42.3801813,20.4277115
3751737573,pharmacy,Dr. Agimi,42.3722318,20.4362087
3762046437,pharmacy,Diellza pharm,42.3882023,20.4316469
3992141631,pharmacy,Unknown,42.214065,20.7314963
3992141632,pharmacy,Unknown,42.2137709,20.7321535
3992141633,pharmacy,Unknown,42.2139736,20.731735
4113633889,hospital,Ambulanca,42.5675057,21.0737957
4152244690,doctors,Kirurgu i Fëmijëve,42.395666,20.4265846
4152246890,doctors,Xhafer Xhiha - Pulmolog,42.3956093,20.4266317
4183719790,pharmacy,Unknown,42.6018295,21.1915496
4183719989,pharmacy,Unknown,42.6021085,21.191545
4187112792,doctors,Qendra Laserike e Syve KUBATI,42.6766769,21.1832032
4207207369,hospital,Medical center,42.454556,20.7192701
4303017112,clinic,Klinika Ime,42.6452982,21.1719327
4350830431,pharmacy,USA-D,42.6434833,21.166743
4350830432,pharmacy,SHËNDETI,42.6435458,21.1668322
4355184491,dentist,Ordinanca Stomatologjike Hi-Dent,42.400757,20.6521113
4370808048,pharmacy,Barnatore,42.6640268,21.166342
4414474191,dentist,AL Dental,42.5330839,20.2939853
4417362015,pharmacy,Unknown,42.4337818,21.0373731
4418034793,pharmacy,melisa apothecary,42.5700298,20.7172601
4418734996,pharmacy,Rexall B Pharmacy,42.6453327,21.1697114
4418735993,pharmacy,Diella Barnatore,42.6453773,21.1697328
4418803702,pharmacy,Kushtrimi Barnatore,42.6456015,21.1697163
4421095789,pharmacy,Pri pharm,42.6606471,21.1672557
4422065390,dentist,Vitadent,42.6532689,21.1512848
4424333389,pharmacy,MELISSA KIJEVE,42.5697835,20.7176595
4425626794,clinic,Qendra e Mjeksisë Familjare I,42.6681111,21.164088
4426393689,pharmacy,Family Pharm,42.6591824,21.1779546
4426957389,pharmacy,REXAL B,42.6453385,21.1697354
4426957489,pharmacy,DIELLA,42.6454006,21.1697498
4426957589,pharmacy,KUSHTRIMI,42.6452886,21.1697101
4429426702,pharmacy,Unknown,42.6674864,21.1643394
4430436797,pharmacy,Rexall,42.6526587,21.1586787
4430436893,pharmacy,JONI 1,42.6528086,21.1764587
4430459891,pharmacy,BARNATORE QENDRORE E QKUK . SË,42.6443518,21.1649995
4430459892,pharmacy,MN PHARM,42.6446683,21.158457
4434217989,clinic,Ordinanca Vitas,42.6237715,20.8867681
4435010491,pharmacy,Neo Dent,42.6666015,21.1764839
4454942644,hospital,Ordinanca Vitas,42.6237715,20.8867681
4458516091,pharmacy,Swiss Pharm,42.666656,21.1764147
4460733089,dentist,Era Dent,42.6581995,21.1768155
4476522323,pharmacy,Kalabria,42.6584196,21.146753
4487691791,pharmacy,Dona Pharm,42.6647915,21.1686281
4487691991,pharmacy,Family Pharm,42.6675595,21.1682814
4487709989,pharmacy,NL-Pharm,42.6668581,21.1752104
4487709990,pharmacy,Besniku Pharm,42.6669397,21.1752438
4491316638,hospital,Spitali Fati im,42.3706195,20.4291145
4491319724,pharmacy,Leka pharm,42.3820529,20.4305674
4502058890,dentist,Klinika Gjermane e Dhëmbit,42.6672282,21.1727356
4520820789,clinic,"""Italian Medical Group"" -I.M.G Poliklinika",42.3853588,21.163604
4532493690,pharmacy,Medifarm,42.6406703,21.0997508
4542031089,clinic,Shtepi shendeti,42.3171289,21.1178231
4554331790,clinic,Gastromed AFM,42.6268012,21.1516723
4555641111,clinic,X Ray Dent,42.6622813,21.1640314
4558366987,clinic,Dr. Besim Guda,42.4711276,21.4645739
4558507077,pharmacy,Irisi,42.4611086,21.4675635
4558523339,pharmacy,"Barnatore ""Flora""",42.4472615,21.4713575
4558541605,clinic,Koci 207,42.4544239,21.4585372
4558748143,pharmacy,Vjolla-Pharm,42.463211,21.4677553
4559800141,pharmacy,"Barnatorja ""BARDHI""",42.4470496,21.4714557
4559809360,dentist,Frident,42.461064,21.4662915
4559845204,pharmacy,Pranvera Pharm,42.4574015,21.4716141
4561853889,pharmacy,Barnatore Bujqesore KAMBERI,42.3902705,20.6448212
4561853989,pharmacy,Barnatore Bujqesore KAMBERI,42.4007252,20.6563282
4564921290,doctors,IHC diagnostic Center,42.6092783,21.1363338
4568436791,pharmacy,KRKA DEPO PHARMACEUTIKE,42.6514329,21.1761267
4581291006,pharmacy,Unknown,42.6669627,21.1750349
4583095290,doctors,Unknown,42.2557131,20.6256054
4585934907,pharmacy,Unknown,42.6597384,20.3043902
4585935301,pharmacy,Kastrati,42.6564933,20.3061569
4644991691,doctors,daja Beq ribar i vogel,42.5139399,21.0636858
4657159190,doctors,"A.S.P ""PEDIATRIA""",42.4546394,21.4658382
4662878593,dentist,Dentor,42.4665195,21.4723676
4662890989,dentist,Dentor,42.4672329,21.4721135
4677337090,dentist,Adi Dent,42.6358464,21.0917362
4678228590,pharmacy,barnatore FLORINA,42.8242156,20.9643687
4680500693,doctors,Uromedica,42.6509891,21.1560478
4689659390,dentist,Jeta Dent - Odinancë Stomatologjike,42.6629867,21.1658885
4708489437,hospital,Ambulanca Adem Ukehaxhaj,42.5327194,20.2945761
4708808391,hospital,Klinika Amerikane - Dr Behar Kusari,42.6207507,21.1445445
4712553390,doctors,Dr. Hajriz H. Ibrahimi MD,42.4584484,21.4705918
4728920489,clinic,"Poliklinika ""VITA""",42.6447015,21.1710283
4733480421,doctors,INFUZIONI,42.6425731,21.1460967
4733488121,doctors,INFUZIONI,42.6427526,21.1541181
4741916939,pharmacy,Unik pharmacy,42.5993399,21.0213124
4741916940,clinic,Qendra e Mjeksise Familjare Sllatinë,42.5992204,21.0208851
4743774322,pharmacy,Rio Pharm,42.6557099,21.1738737
4743794021,pharmacy,Aris,42.6592627,21.181031
4749498637,doctors,Eye Doctor,42.2194533,20.7429942
4753539122,dentist,RAKA,42.6548997,21.1757479
4757732426,clinic,Endokrinolog,42.6514176,21.1502281
4757737722,clinic,Elita Plus,42.6514411,21.1506145
4786478521,pharmacy,Orhidea Pharmacy,42.6521882,21.1541908
4825825930,pharmacy,orthomedica orthopedic shop,42.649069,21.1633569
4832481881,clinic,AMF GUSKA / Nr. 03,42.3624504,20.3921906
4832489749,clinic,AMF MULLIQ / Nr. 06,42.4365188,20.2675984
4832493444,clinic,AMF BEC / Nr. 07,42.4418743,20.4483588
4832496417,clinic,AMF GERGOC / Nr. 09,42.5092436,20.4557605
4832499421,clinic,AMF SHQIPONJE / Nr. 11,42.5431021,20.4806527
4832510782,clinic,AMF Blinisht / Nr. 14,42.3119954,20.478138
4832512859,clinic,AMF BISTRAZHIN / Nr. 15,42.3591964,20.5144636
4832512969,clinic,AMF nr. 16 Demjan,42.2969855,20.5223808
4833160221,pharmacy,Fjori Med 2,42.6257434,21.1462865
4840317571,clinic,Avicena,42.6470546,21.1494202
4922121921,doctors,Gastro,42.4591839,21.4726474
4948151219,pharmacy,Unknown,42.5464055,21.1800662
4962775121,dentist,Dita,42.6592654,21.180287
4976088421,dentist,Dr Zana Dalipi,42.658352,21.1809428
4976088422,dentist,Rea Dent,42.6562084,21.1780696
4983339921,doctors,Dr Arif Boshtraj,42.5368893,20.2908005
4984613321,clinic,Ambulanta,42.7746653,20.8337313
4985654021,pharmacy,Kastrati Pharmacy,42.6539768,21.1680058
4985654022,pharmacy,Tosi,42.6492143,21.1634998
4985701221,hospital,MIM SPITALI,42.3667545,20.4638878
5008093121,clinic,Fati-im Medical Institute,42.6495748,21.1635757
5009453524,dentist,Doktor i dhembve,42.6553579,21.1810371
5016018621,dentist,Medicadent,42.6638617,21.1652403
5022182222,pharmacy,Exclusiv Pharmacy,42.4655943,21.4739475
5030492321,hospital,Gjinekologjia Jeta,42.3224702,21.3538964
5104746221,pharmacy,Shëndeti,42.4659458,21.4719047
5105599328,doctors,"Ordinanca pediatrike ""GRANITI""",42.6163451,20.5757772
5108584021,doctors,Liburn Dema,42.3701514,21.4829715
5109943333,pharmacy,ELIF,42.6515295,21.1761106
5127095621,pharmacy,ELIF,42.6515062,21.1760666
5156861822,dentist,dentisti i familjes,42.6508061,21.1597952
5162698121,pharmacy,FD Farm,42.8773142,20.8596311
5162764823,pharmacy,Barnatore Astrit Ukimeri,42.8613718,20.8465307
5163287821,doctors,Ambulanca Gjinekologjikr Kestrina,42.6489726,21.1565192
5168627022,doctors,Dajt e Jares Arisit Ries,42.5350211,21.005766
5177587829,clinic,QMF Komoran,42.5752273,20.8989745
5185661172,clinic,Unknown,42.8078419,20.8702261
5194291023,dentist,"Ordinanca Stomatologjike ""Periodental""",42.6487251,21.163119
5230478221,dentist,Ordinanca Stomatologjike “MO-DENT”,42.6438066,21.1540353
5245770022,dentist,F-Dental,42.3677952,21.1656879
5254898654,doctors,Ortodent,42.4581569,21.4690952
5261625221,pharmacy,Cibebi,42.4638028,21.4588459
5267756923,doctors,Unknown,42.1337027,20.8057889
5295465621,clinic,Ordinanca “TRURI”,42.3535214,21.171324
5302792221,hospital,Emergjenca,42.4580966,21.4629153
5302971722,hospital,Otrila Hospital,42.6094499,21.1358487
5327773655,dentist,ElsaDent,42.6684009,21.1607147
5390789421,dentist,Dentawell,42.4622958,21.4678498
5398472322,hospital,Ambulanca e Çabrës,42.9019375,20.7790063
5410191722,clinic,Meti Dent pajisje stomatologjike,42.2143043,20.7328389
5443670323,dentist,Tirana Dent,42.4611127,21.4661242
5447504303,doctors,Fryti,42.3207228,20.6333606
5497656122,clinic,Qendra e Mjeksis Familjare Bare,42.9518026,20.9655488
5515734021,hospital,Klinika AURA,42.6435674,21.1552789
5540881921,dentist,AnadolliDent,42.6591469,20.2849201
5543730623,pharmacy,barnatore,41.9449878,20.67059
5543730624,clinic,ambulanta,41.9444157,20.670212
5557759021,doctors,Xhevdet Quni,42.2316678,21.2588225
5567447621,doctors,Genesis,42.6490839,21.1564237
5574732621,hospital,Spitali Amerikan Prishtine,42.6425643,21.1579683
5595325721,hospital,Spitali Rajonal Graqanicë,42.5836695,21.2081857
5598448022,clinic,Bel Medic International,42.602196,21.1911748
5610303423,pharmacy,Avena,42.654716,21.1537506
5613282021,hospital,Millenium Hospital,42.589907,21.1291379
5622622822,dentist,DentalFamily,42.4642238,21.4701711
5625281222,pharmacy,Valeriana,42.6556144,21.1568956
5633598124,doctors,Fizio Plus-Ordinanca per Fizioterapi dhe Rehabilitim,42.6614301,20.277896
5634975034,pharmacy,Barnatore 'Uno Pharm',42.6484524,21.1700513
5659692027,pharmacy,LIKA,42.6593718,20.2907738
5687205923,doctors,Kosovo,42.4544906,21.504241
5695830121,pharmacy,LINDI FARM,42.6560712,21.1816957
5737551705,doctors,Dr Musli Beqiraj,42.458282,21.4705977
5739626921,doctors,Unknown,42.4282473,21.4535823
5766127065,pharmacy,Barnatore Medifarm,42.6414926,21.1026912
5766162140,dentist,Dr. Denta Center,42.6508832,21.1711398
5804383454,pharmacy,IVY PHARM,42.6559392,21.1746576
5812302961,dentist,"Ordinanca Stomatologjike ""DenTrust""",42.6367781,21.0942206
5819844395,hospital,Spitali Aloka,42.6294691,21.1489558
5832556185,dentist,F DENTAL,42.6482233,21.1723874
5840134188,doctors,“FENIKSI” Ordinanca Psikiatrike,42.4292522,21.4541781
5853536585,doctors,doktorri syve Kubati,42.2202755,20.7427322
5859608287,clinic,Valza-Med,42.3149608,20.635827
5862362985,doctors,Ordinanca gjinekologjike obstetrike NEVUS,42.6634136,21.152592
5864935085,dentist,O.S. Pico Dent,42.4584382,21.4703477
5898684885,clinic,Ambulanca për terapi fizikale dhe rehabilitim “REA”,42.2319891,21.2552843
5911592515,doctors,Bioinvest,42.65156,21.1667248
5928656171,pharmacy,Unknown,42.5203065,21.1244869
5944002087,doctors,Dr.Nexhdet Shala,42.6572969,20.2902847
5974475150,doctors,Poliklinika CT Scanner,42.6507475,21.162062
5989033485,pharmacy,Melissa Kijevë,42.570455,20.7177715
6019076496,dentist,Pulpa Dent,42.6524203,21.1630963
6022648148,pharmacy,Unknown,42.5218471,21.1193341
6022648149,pharmacy,Unknown,42.5216577,21.1189152
6022648150,pharmacy,AR Pharmacy,42.5218204,21.118808
6022648151,pharmacy,Unknown,42.5213374,21.1181575
6022648152,pharmacy,Unknown,42.5191316,21.1221474
6052808685,pharmacy,Smartpharm,42.6409369,21.1007867
6073334285,pharmacy,EU pharm,42.6534187,21.1517908
6121274310,dentist,Estetika Dent,42.4612645,21.4677751
6122460985,dentist,Biodentt,42.4647824,21.4708736
6138021985,dentist,Era Dent,42.6611532,20.3013858
6139192986,hospital,otorinola,42.2195532,20.7276137
6139222085,hospital,Meti-Dent,42.2196171,20.7275261
6142833085,clinic,Dr. Ramushi,42.6482891,21.1729679
6172491088,clinic,Dr Xhevat Kurhasani,42.6568437,20.2912478
6181822485,doctors,Gastrohep,42.6585675,20.2956579
6207525485,hospital,Spitali Lindja,42.6290464,21.1565998
6264067983,pharmacy,Yess Pharma,42.6589573,21.1411151
6281126241,pharmacy,Kastrati,42.6567458,21.1549524
6281396868,hospital,American Hospital,42.6561315,21.1564376
6281406765,pharmacy,Aroma Pharm,42.6550585,21.1547327
6281514403,pharmacy,Natural Pharmacy,42.6777994,21.1620565
6281637367,pharmacy,Barnatore Austriake,42.6654154,21.1572728
6291256270,pharmacy,Unknown,42.6779302,21.1617215
6305196007,hospital,Klinika Infektive,42.644702,21.1611097
6305275259,hospital,Klinika Emergjente,42.6452032,21.1620699
6312549889,pharmacy,AR-PHARMA,42.6483255,21.157522
6316301985,clinic,"Enti Poliklinik Ambulantor për Vesh, Fyt dhe Hundë",42.6541084,21.1712451
6331347885,clinic,Venomed Plus,42.6574467,21.1456776
6332911391,pharmacy,Barnatore,42.3637088,20.7400411
6378873558,dentist,Vita Dent,42.3196524,21.3570437
6386322995,pharmacy,"""Nëna Terezë""",42.3259224,21.361538
6389648227,doctors,Akustika,42.6429545,21.1667376
6393343385,clinic,Pediatri,42.6546114,21.1713588
6394900185,clinic,Ambulanca psikologjisë klinike Visar A.Sadiku B.I,42.6431731,21.1670449
6401958385,dentist,DHËMBI,42.9133103,21.1919283
6419422187,dentist,Dentina Dent,42.522305,21.1185526
6419779087,dentist,O.S “Shëndeti Dental”,42.3775439,20.4313871
6431811125,dentist,Unknown,42.2180605,20.7427362
6436650321,pharmacy,Family Pharm,42.6580615,20.2927466
6440333593,dentist,DENTALINE Klinika Dentare,42.5756364,20.9015465
6444022641,clinic,Ordinancë Private,42.3637745,20.7400405
6469828285,dentist,Mjeku i dhëmbëve,42.6155342,20.5718213
6497078008,doctors,Psikiatër OSP,42.4242062,21.4839597
6514662985,clinic,KLLOKOQI ESTETIKA,42.6536289,21.1910924
6515281589,doctors,PRORHEUMA BLLACË,42.4163561,20.8631805
6515281590,doctors,PRORHEUMA PRISHTIN,42.6454646,21.1710333
6541947085,clinic,Qendra e mjekësis familjare,42.6567357,20.2986404
6545395255,dentist,EKSTRADENT,42.3721111,21.1454067
6604808085,dentist,Periodental,42.6487898,21.159705
6631609285,dentist,Cani Dent,42.6286962,21.1611754
6660772532,dentist,"Ordinanca Stomatologjike ""VITADENT""",42.4605867,21.4706871
6665826092,clinic,Ordinanca Mëma,42.6549196,21.1707079
6677440286,dentist,Unknown,42.6568994,21.1653696
6690543186,doctors,Poliklinika Jona,42.656608,21.1813148
6721252986,pharmacy,Barnatore AQUAPHARM,42.3770576,20.4336662
6729010985,doctors,Kiropraktika,42.6420616,21.1702609
6730588585,clinic,Unknown,42.6454555,21.1703218
6747298796,pharmacy,Unknown,42.3215641,21.3553244
6751183663,hospital,Dom zdravlja Donja Gusterica,42.5449135,21.1782112
6796985488,pharmacy,Green,42.6532739,21.1500966
6799467385,pharmacy,Unknown,42.6580008,21.1601328
6805305387,doctors,Lendrit Spahiu,42.3903366,20.4260424
6815499189,clinic,Dom Zdravlja,43.0537864,20.8092758
6853637085,dentist,Ordinanca Stomatologjike Dr.Merita,42.831797,20.9631943
6925425785,doctors,Medica +,42.653611,21.1593505
6925425886,pharmacy,Barnatore Salihaj,42.6536525,21.1589069
6933087991,doctors,Ariana,42.6491156,21.163174
6937494024,clinic,Ordinanca Pediatrike Jeta,42.3802587,21.1651391
6975110585,pharmacy,Unknown,42.6557178,21.1739162
7006958185,clinic,Miliona Aesthetic,42.6521806,21.1591148
7041811360,pharmacy,Unknown,42.6316216,21.0927847
7054452813,hospital,Barnatore Joni-Med,42.7476495,20.7877544
7071850685,pharmacy,Santefarm,42.5984225,21.0125311
7086812685,clinic,Poliklinika Zatriqi,42.6535471,21.1705369
7103246432,clinic,AMF Vragoli,42.6112226,21.0566551
7125105185,doctors,Brikena and Teuta Dent,42.6536707,21.1599241
7131406885,dentist,Protetika,42.4608437,21.4673066
7138617185,pharmacy,"""REMEDIA"" TE Dritoni",42.6551757,20.2929179
7178772085,clinic,Physio De2,42.5264065,21.1190251
7204706582,dentist,ParaDent,42.651911,21.1731006
7221097594,pharmacy,HİKMET KRÜEZİ,42.3315477,20.7261526
7250130366,dentist,Alfadent Dental Clinic,42.6490904,21.1589307
7256054908,hospital,Unknown,42.9185016,21.1956977
7310654914,dentist,Ada Dent,42.6405569,21.1007428
7315095933,dentist,A-Dent,42.6842241,21.0743682
7315095947,pharmacy,Flora,42.6842114,21.0742128
7321703032,dentist,VitaDent,42.5186579,21.1339299
7326880416,dentist,AlfaDent,42.6834778,21.0749619
7326936572,pharmacy,Atropa,42.5240757,21.1198611
7329054082,dentist,Unknown,42.5200694,21.1199413
7329071008,pharmacy,Dona,42.5215919,21.1186827
7329071091,pharmacy,Riga,42.5217092,21.1190432
7329071098,pharmacy,Green Pharm,42.5218027,21.1192206
7329071105,pharmacy,Zeki,42.5219449,21.1190825
7329071311,clinic,Poliklinika Shpeb Med,42.5256343,21.1220459
7329103226,pharmacy,Riga Pharm,42.2750176,21.1922088
7329123234,hospital,Unknown,42.2469319,21.2180259
7329201531,doctors,Xhelal Shatri kiropraktikë,42.7829903,20.4851483
7340136402,clinic,Mjekësi popullore Halla Halime,42.6775901,20.9039447
7340140834,hospital,Unknown,42.2980687,21.2291941
7340202366,dentist,POMIKA DENT,42.7814298,20.4820819
7340225502,clinic,QMF- Qendër e Mjeksisë Familjare,42.6642557,20.8471753
7340256886,clinic,QMF Kaçaniki Vjetër,42.2993489,21.2291821
7340305619,hospital,Unknown,42.2710052,21.1857531
7340319518,pharmacy,ES-Pharm,42.7816024,20.4885758
7340470124,clinic,AMF- Ambulancë e Mjeksisë Familjare,42.6024886,21.6661778
7340485517,clinic,Poliklinika Diagnostika,42.7800077,20.4873238
7340485542,pharmacy,Healthcare Pharmacy,42.7806343,20.4863844
7340501045,hospital,Unknown,42.1932261,21.2343303
7340514846,hospital,Unknown,42.8469771,21.0559899
7340527275,hospital,Unknown,42.2718014,21.2494254
7340623892,dentist,"Dr,Spec.Ilir",42.7789473,20.4876199
7341705336,clinic,AMF- Ambulancë e Mjeksisë Familjare,42.6500855,20.7169585
7341706044,dentist,Dr.Arbnori,42.7771516,20.4884364
7342661559,hospital,Qendra e Mjekesise Sportive,42.6615847,21.1564286
7342674540,clinic,AMF Kuki,42.1007367,20.7134932
7342682483,clinic,AMF- Ambulancë e Mjeksisë Familjare,42.8357821,20.9185695
7342690030,clinic,AMF Leshan,42.3278967,20.7811305
7342694414,clinic,AMF Bob,42.2305093,21.2487897
7342714950,clinic,AMF Dobrushtë,42.1808649,20.5904442
7342716519,clinic,AMF- Ambulancë e Mjeksisë Familjare,42.2558599,20.5753514
7342739946,clinic,AMF Dabishec,42.735048,21.4408306
7342743188,clinic,AMF Kraishta,42.4983015,21.050141
7342758628,clinic,AMF- Ambulancë e Mjeksisë Familjare,42.4195381,20.8023307
7342759334,clinic,Poliklinika Stomatologjike,42.6610656,20.272867
7342765232,clinic,AMF- Ambulancë e Mjeksisë Familjare,42.3777125,21.2760571
7342780785,clinic,AMF Barilevë,42.7534244,21.1108913
7342790599,clinic,QMF Bellobradi,42.1193428,20.6884065
7342813974,clinic,QMF Rizniqi,42.5206026,20.3497764
7342832300,clinic,QMF Ujëmir,42.6147675,20.697282
7342837629,clinic,AMF Kosavca,42.0936923,20.6981489
7342868885,clinic,AMF Obranqe,42.9154586,21.1706988
7343318261,pharmacy,Unknown,42.4666606,21.4618964
7343318262,pharmacy,Unknown,42.4678953,21.4674714
7343318263,pharmacy,Green Pharmacy,42.4650105,21.4705613
7343318264,pharmacy,Humana,42.4656931,21.4711353
7343318265,pharmacy,Galen,42.4660473,21.4713861
7343318266,pharmacy,Riga Pharmacy,42.4624352,21.4708832
7343756769,pharmacy,Hana,42.3830078,20.4305559
7344171602,clinic,Klinika PREMIUM+,42.3761012,20.4363805
7344262642,pharmacy,elephant,42.3671005,21.1598082
7366548927,pharmacy,Barnatore Joni,42.637406,21.0936669
7366548933,pharmacy,"Barnatore ""Dea""",42.6371356,21.0933973
7366572261,pharmacy,Barnatore,42.6377197,21.093003
7367390235,doctors,Euromed,42.6398744,21.1026576
7370366685,pharmacy,Index Pharm 2,42.6631527,20.2979385
7392221343,dentist,"Ordinanca stomatologjike ""Eki""",42.6702447,21.163371
7393404785,clinic,Ambulanca Echokirurgjike Loni,42.6662138,21.1587621
7397549185,pharmacy,Kea Pharmacy,42.3776133,20.4344767
7429360486,pharmacy,Doni,42.6174262,20.5762912
7429360487,pharmacy,Besi,42.6192201,20.5724507
7429360586,pharmacy,Ariana,42.6198751,20.575063
7429360587,pharmacy,Biolab ZAFI,42.6194741,20.571939
7429381085,pharmacy,KekaMed,42.5964284,20.5786997
7429381285,pharmacy,Ndue Prenaj,42.6193942,20.5729541
7429437885,pharmacy,LeoMed,42.6653208,20.3009052
7429439485,pharmacy,Arsa,42.6654859,20.3008754
7429439585,pharmacy,Edona,42.6656668,20.3010899
7429750685,pharmacy,Bio pharm,42.6453137,20.2922777
7429844485,pharmacy,Palin,42.5427619,20.2898915
7429844585,pharmacy,Alea,42.5407536,20.2886775
7429854885,pharmacy,Melissa,42.5340928,20.2932605
7429869485,pharmacy,Jetoni,42.5321713,20.29416
7429869486,pharmacy,Fati,42.5325135,20.2938975
7437340185,pharmacy,Dea-Pharm,42.8777349,20.8657934
7437340285,pharmacy,4pharm,42.8775582,20.8658101
7437799285,pharmacy,Unknown,42.6675337,21.1643254
7444334985,pharmacy,Jona 1,42.685713,21.0707227
7444362685,pharmacy,Sejdo,42.6847828,21.074019
7444362785,pharmacy,ER+ pharm,42.6846408,21.0744399
7444362786,pharmacy,Qendresa,42.6841953,21.0747832
7444362885,pharmacy,Reis,42.6843524,21.0741509
7444370885,pharmacy,Herba pharm 5,42.6844688,21.073802
7450262403,pharmacy,Barnatore,42.1643836,20.6182936
7452227385,pharmacy,ES Pharm,42.7815914,20.4886512
7452227386,pharmacy,Fati 1,42.661005,20.275208
7452227585,pharmacy,Bio Pharm,42.7820075,20.4823349
7452227685,pharmacy,Lika,42.6627881,20.297134
7452227686,pharmacy,Edona,42.6593913,20.2915875
7452227785,pharmacy,Roli,42.662736,20.2977441
7452227885,pharmacy,Begolli,42.6602385,20.2907852
7458679400,pharmacy,Barnatore Lindi,42.1640834,20.6183955
7483316285,doctors,Pediatër Selim Thaqi,42.6618479,21.1752388
7487316385,clinic,Poliklinika Echo Scan,42.6482791,21.1729278
7511431167,hospital,QKMF Korishë,42.2577969,20.7943736
7602908885,pharmacy,Barnatore Farmaceutika,42.6681882,21.1700495
7602908985,pharmacy,Barnatore Medikament,42.6683513,21.1699842
7602909085,dentist,Zagreb Dent,42.6685269,21.1699573
7640683885,doctors,Ortopedia Dr. Ceni,42.647367,21.1705953
7641124463,dentist,DENTFIX,42.6602983,21.1492832
7671613133,clinic,Poliklinika Dafina,42.6784204,21.1712974
7677220237,dentist,Ordinanca Stomatologjike Dental-K,42.4600369,21.4713312
7694095394,clinic,Unknown,42.6432306,21.1669264
7695441485,pharmacy,Ak Pharm,42.6196096,21.1911867
7695441486,pharmacy,Kujdesi,42.3756618,20.4401025
7695441487,pharmacy,Pro pharma,42.6528898,21.1532059
7695441488,pharmacy,SF FARMACIA,42.6535899,21.1532416
7695441489,pharmacy,Tana shpk,42.6333668,21.1524224
7695441585,pharmacy,Roka,42.3808315,20.4307714
7695441586,pharmacy,Aloe pharm,42.3782381,20.4310973
7695441587,pharmacy,Aloe Vera,42.3759369,20.4395536
7695441588,pharmacy,AN pharm,42.6608317,21.1664877
7695441685,pharmacy,Super pharm,42.3721707,20.4358786
7695441686,pharmacy,MN pharm,42.6446829,21.1581612
7695441687,pharmacy,Erythrea,42.6164319,21.1791782
7695441785,pharmacy,Pentagon 6,42.6443987,21.1599916
7695441786,pharmacy,Jeta,42.6485287,21.1575492
7695441787,pharmacy,Daris pharm,42.650059,21.1589087
7695441885,pharmacy,Mega,42.6526088,21.1582592
7695441886,pharmacy,Melisa,42.6504997,21.1590285
7695442285,pharmacy,Meld,42.6545799,21.1672383
7736673085,clinic,Unknown,42.6575568,21.1506727
7738041815,dentist,Ordiananca Stomatologjike “2G & 2L”,42.384533,20.4265491
7773282185,pharmacy,Medicalpharm,42.6541326,20.2940627
7869915185,pharmacy,Barnatore “TONI PHARM SHPK,42.318857,20.6361121
7885156085,pharmacy,Barnatore Armendi,42.6247942,20.8915591
8048698785,doctors,Ordinanca Fizioterapeutike Igallo,42.6662862,21.1558951
8059589885,clinic,Unknown,42.6511782,21.168657
8059596085,clinic,Unknown,42.6510253,21.1685287
8074904346,pharmacy,Family AB,42.5192027,21.1227511
8104158781,clinic,Dr. Flamur Marku,42.395247,20.4219903
8104381160,clinic,Arti-MED,42.3704162,20.4361667
8117906718,clinic,Derma D,42.6624315,21.1676348
8120487017,dentist,Jona Dent,42.6591542,20.2823636
8120728948,clinic,ORL Medicus,42.3691781,20.4342456
8130214417,clinic,KLINIKA METROPOLIS,42.652038,21.1771337
8180424018,clinic,Ordinanca Urologjike “Kaçaniku”,42.2343226,21.2558285
8253290112,dentist,Dental-B,42.7798116,20.4925153
8256034891,doctors,Zenel Shatri,42.7407414,20.4766389
8263143754,dentist,Unknown,42.7808315,20.4802781
8272444041,pharmacy,Unknown,42.7821692,20.4824781
8274921574,dentist,Flora,42.7269598,20.390406
8278383917,hospital,Spitali FATI IM,42.6117869,21.141905
8293586417,clinic,FIZIO PLUS - Fizioterapi dhe Rehabilitim,42.6613998,20.2779447
8378497064,hospital,Unknown,42.4092555,20.8712828
8440647618,clinic,Qendra e Mjekësisë Familjare,42.3660569,20.7426278
8511431537,pharmacy,Natyra-J,42.6507768,21.1684373
8529491068,hospital,Klinika për Covid-19 (1),42.6445538,21.1610674
8551674199,hospital,Ordinanca Gjinekologjike LINDA,42.4859018,20.7382933
8574227189,clinic,Prishtina Medical Center,42.6444645,21.1558003
8622186796,pharmacy,Gen Pharm,42.4121797,20.5393311
8622788202,hospital,Uro-Med,42.3811219,21.1535989
8631324317,clinic,Unknown,42.6504059,21.1589977
8721956517,clinic,Unknown,42.4853806,21.2163652
8756166517,dentist,Prishtinë,42.6411296,21.1535118
8797911935,pharmacy,"Barnatore ""Hygea 2""",42.2061441,20.7327911
8797916849,pharmacy,"Barnatore ""Hygea 2""",42.206026,20.7327491
8798269611,dentist,Life dent,42.2080013,20.7375989
8798271001,dentist,Ordinanca Specialistike Stomatologjike “DODA”,42.2078453,20.7371453
8798295439,clinic,Bardhi Med,42.2080593,20.737191
8799232907,dentist,Life Dent,42.2081216,20.737273
8799497851,clinic,Bardhi Med,42.2080659,20.7373817
8799952813,pharmacy,Aspirin,42.2176506,20.739055
8800285935,pharmacy,Barnatore,42.2176759,20.7432232
8801763880,clinic,Biokomia,42.2060065,20.7311031
8805068761,dentist,ArDent,42.2171181,20.7291216
8806403343,pharmacy,Bio Shop Herbalkos,42.2150729,20.7324714
8806509299,pharmacy,Barnatore Bujqesore Agroniti,42.2156974,20.7324861
8806509683,dentist,BunaDent,42.2146171,20.7324963
8806520256,pharmacy,CaliVita,42.2144619,20.7321155
8806584391,pharmacy,Barnatore,42.2179208,20.7431072
8811049720,pharmacy,Green pharmacy,42.2099306,20.7380422
8830345503,dentist,Saranda Dent,42.4005965,20.6535901
8830346297,dentist,Saranda Dent,42.4005938,20.653595
8830357981,dentist,Denta-med,42.3962863,20.652831
8856714207,pharmacy,Green Pharmacy,42.6372036,21.0928392
8857263094,pharmacy,DOA Pharmacy,42.8237736,20.9653203
8857485829,pharmacy,Barnatore Niti,42.1495725,21.2953368
8857534384,pharmacy,Barnatore Nili-T,42.1495686,21.2950397
8857535157,pharmacy,Barnatore Niti,42.1496215,21.2955157
8857545488,dentist,DensM,42.1508283,21.2965637
8857552605,dentist,Arbi Jona Dent,42.1500614,21.2960501
8857554305,pharmacy,Zejnepe pharm,42.149547,21.295052
8857588780,dentist,Troja dent,42.1514508,21.2977082
8941089260,hospital,Bolnica Kosovska Mitrovica,42.8922909,20.8596024
8941089261,hospital,Spitali Royal Medical,42.5994001,21.1302668
8984173217,clinic,Medical Center,42.6414715,21.1348993
8993585518,hospital,Ambulanta e Fshatit Breznicë,42.7778517,21.0893764
9008563820,dentist,Dr. Berisha,42.6604836,20.2882745
9008574323,dentist,Dental House,42.6569837,20.2894142
9009830979,dentist,Dental B,42.6823201,20.3171058
9009830984,pharmacy,B,42.682362,20.3171806
9009992657,pharmacy,Leo Med,42.6657664,20.3012592
9009992664,pharmacy,Siar,42.6654684,20.3003735
9011052138,pharmacy,Salihaj,42.6582755,20.2862273
9011052142,doctors,Dr. Jahir I. Lajqi,42.6610267,20.2838815
9011052153,dentist,Vali Dent,42.6615609,20.2852091
9011052160,pharmacy,Rea Pharm,42.6580676,20.2863907
9011052166,pharmacy,Unknown,42.6608497,20.2866956
9011052172,pharmacy,Kushtrim,42.6612547,20.2838466
9017873374,doctors,Dr. Iliriana,42.6607778,20.2946425
9017876718,dentist,Dr Shaqir E. Myftari,42.6621177,20.2955696
9017926025,doctors,Unknown,42.65593,20.2874678
9023481020,dentist,Dr. Noli,42.6610132,20.2918886
9023481024,doctors,Dr. Afërdita Selmanaj,42.6571534,20.2906257
9024734706,dentist,Berisha,42.6579046,20.2897462
9032171301,dentist,Vita-Dent,42.5402283,20.2871843
9091313026,pharmacy,Unknown,42.6612061,20.2768092
9091313128,dentist,Unknown,42.6604463,20.293372
9091313132,pharmacy,Unknown,42.6613101,20.2838312
9091313136,pharmacy,Unknown,42.6614327,20.2997857
9091313320,pharmacy,Unknown,42.6607658,20.2745368
9091313324,pharmacy,Unknown,42.6611083,20.3021961
9091313432,pharmacy,Unknown,42.6608507,20.2748063
9091313433,pharmacy,Unknown,42.6613062,20.2783009
9091313618,pharmacy,Unknown,42.660814,20.2746624
9091314018,dentist,Diesa,42.6584371,20.2941923
9091314020,pharmacy,Unknown,42.6581121,20.2863155
9094371018,pharmacy,Unknown,42.6556381,20.2927534
9094371019,pharmacy,Unknown,42.6558181,20.292515
9094371027,pharmacy,Unknown,42.6615917,20.2989524
9094507918,doctors,echo scan,42.5245091,21.1172684
9103438726,pharmacy,Unknown,42.3803495,20.4277854
9103438742,pharmacy,Unknown,42.3755915,20.4263105
9103438854,pharmacy,Unknown,42.3703432,20.4196686
9103438858,pharmacy,Unknown,42.3824002,20.4349236
9103438930,pharmacy,Unknown,42.3826726,20.4343172
9103439117,pharmacy,Unknown,42.386595,20.4284611
9103439119,pharmacy,Unknown,42.3754765,20.4265875
9103439124,doctors,Unknown,42.3788349,20.4345316
9113456106,clinic,Olive Medical & Laboratory,42.645195,21.1556687
9113580728,hospital,Spitali Olive,42.5668551,21.1281367
9113580729,hospital,Bahceci Hospital,42.5670532,21.1294215
9122424122,dentist,Unknown,42.215135,20.7402524
9124938225,dentist,Unknown,42.2104441,20.7366304
9124938233,pharmacy,Crystal,42.2167107,20.7428394
9124938237,dentist,Estetik,42.2121803,20.7462532
9124938244,pharmacy,Unknown,42.2066757,20.7373463
9124938318,pharmacy,Unknown,42.2115733,20.7344486
9124938326,dentist,Unknown,42.2149534,20.7367444
9124938336,dentist,Unknown,42.2072116,20.736603
9124938618,pharmacy,Unknown,42.2139522,20.7322446
9124938721,dentist,Unknown,42.2118602,20.7357215
9124938817,pharmacy,Unknown,42.2146049,20.7300025
9124938826,pharmacy,Unknown,42.2145387,20.7361887
9124939017,dentist,Unknown,42.2156661,20.7368763
9286911767,doctors,Dr. Berat Krasniqi - Gjinekolog,42.6510671,21.1674482
9287610599,doctors,ORTOPEDIATRIA,42.8251317,20.9608325
9334502369,dentist,Unknown,42.66078,21.1646267
9355755623,clinic,QMF,42.6167218,20.3047689
9444148699,clinic,AMF Fushë Kosova 2,42.6419963,21.0965295
9455031701,pharmacy,Barnatore Kushtrimi,42.6641404,21.1666662
9462343788,dentist,Unknown,42.3545321,20.8212226
9623010751,hospital,Emergjenca,42.2155499,20.7265955
9674387917,clinic,OSP Arbora,42.6460553,21.1524249
9688315717,pharmacy,GrandePharm,42.6194422,20.578471
9689312617,pharmacy,Riga Pharm,42.2290545,21.2569667
9689315117,pharmacy,Riga Pharm,42.2285233,21.2526109
9713346109,pharmacy,Unknown,42.215933,20.7266448
9757283127,clinic,Dr. Memli,42.6495761,21.1636366
9788246317,pharmacy,Barnatore bujqesore Agro-xoni,42.4381256,21.4744632
9853733717,clinic,Trina,42.2161429,20.7362155
9858652717,pharmacy,Achillea pharmacy,42.655811,21.1552316
9861154617,doctors,Confident,42.375874,20.4364349
9862012888,pharmacy,MIRIPHARM,42.6581215,21.1844035
9870686217,dentist,GojaSmiles,42.6520861,21.1772526
9870864517,dentist,Ordinancë Stomatologjike dent Arb,42.6250652,21.1601191
9872101716,pharmacy,Barnatore Joni,42.6400531,21.1010481
9872128319,pharmacy,ADI's Pharmacy,42.6420564,21.0999787
9873273247,clinic,Target Clinic,42.5233473,21.1179259
9891030094,clinic,Emergjenca,42.2038606,20.7299184
9893255118,clinic,Vital Diagnostika,42.6612601,20.276075
9900551418,clinic,HOGA Clinic,42.6573905,21.1479075
9909155105,clinic,AMF - Qendra e Studentëve,42.65438,21.1653401
9913396117,dentist,Diarti Dent,42.6528025,21.159271
9916310874,doctors,Okulistika;Dr. Ardian Shabani  Okulistika,42.4603209,21.4713957
9949147817,dentist,Dr. Ylli,42.4645046,21.4595118
9949174817,pharmacy,Pharmacy,42.4600429,21.4505241
9949192517,dentist,Unknown,42.4634931,21.4592098
9949198417,clinic,Laboratoy Olive,42.4603353,21.4657005
9949202517,dentist,Doni Dent,42.4622097,21.4741902
9949341719,pharmacy,Belladona,42.4661711,21.4600715
9949342124,pharmacy,Unknown,42.4636425,21.458053
9949365517,pharmacy,Riga Pharm,42.4636367,21.45867
9949422017,pharmacy,Unknown,42.4603671,21.4667756
9949422018,pharmacy,Unknown,42.4570806,21.4645406
9949422317,pharmacy,Unknown,42.4565251,21.4637203
9951105618,dentist,Unknown,42.4632678,21.4626317
9951105620,pharmacy,Unknown,42.4591431,21.4713364
9951109517,pharmacy,RIGA Pharm,42.4631639,21.4684486
9951111221,pharmacy,Pharmacy,42.458177,21.4652252
9951115720,pharmacy,Pharmacy,42.4549589,21.4708424
9951118418,pharmacy,Pharmacy,42.4582561,21.4653043
9951125417,hospital,QKMF Kryesore,42.4585843,21.4657071
9951605817,pharmacy,Rron Pharm,42.4672993,21.4608268
9951614817,clinic,Avicena,42.4598308,21.4669178
9955353056,hospital,European Clinic Kosova,42.3701039,20.4335593
9966055717,clinic,Ars Medica,42.6231212,21.1644664
9977153265,pharmacy,Barnatore Kastrati,42.6430902,21.1100036
9979254400,hospital,Bolnica,42.6175832,21.1469556
9979763005,dentist,Bardh Biçaku,42.6601309,21.1778694
9985335097,pharmacy,Pharmacy Area,42.6841074,21.0744756
10003933735,hospital,Anaderm Aesthetic Surgery Hospital,42.6315001,21.1483692
10032270315,clinic,Jehonarcis- Ordinanca Specialistike Internistike,42.8473759,20.9426814
10034277117,clinic,Jora med,42.6604079,21.1422096
10034850617,clinic,Poliklinika Vital Diagnostika,42.6612715,20.2760381
10037612418,dentist,Arbi Jona Dent,42.2306808,21.2557518
10049712117,dentist,Klinika Dentare Dr.Genci,42.9077645,21.191876
10118818917,dentist,ARS MEDICA,42.623595,21.1643555
10119306017,clinic,ARS MEDICA,42.6231029,21.1644431
10170058840,pharmacy,Adisa,42.2102702,20.7330729
10174116920,dentist,Unknown,42.173915,20.8201044
10174117217,pharmacy,Unknown,42.1744864,20.8147923
10210672363,dentist,Ordinanca Stomatologjike Flora Dent,42.5980366,20.8930403
10244038209,doctors,fitoterapia,42.4369267,21.0383152
10250555436,clinic,Ordinanca Fëmiju Rrahim Merovci,42.8324044,20.9640593
10274422531,pharmacy,Barnatore Emona,42.826726,20.970049
10287377859,pharmacy,Andol C,42.8211312,20.9671666
10303003505,doctors,Fetal Medicine,42.6522673,21.177344
10536295062,clinic,OBS Blemedika,42.8263016,20.9696636
10554949010,doctors,Ordinanca Kardiologjia - Dr.Luan Rexhëbogaj,42.6612619,20.2776827
10602410605,clinic,Agaj-Medical - Shërbime Shëndetësore,42.642881,21.1670512
10704997705,doctors,Ordinanca “RH Pediatria” Dr.Rexhep Hoxha,42.2351995,20.7111156
10705003105,doctors,Ordinanca “RH Pediatria” Dr.Rexhep Hoxha,42.2350592,20.7112876
10723114305,clinic,Dr Xhevat Kurhasani,42.6568264,20.2911848
10723978268,pharmacy,ROSA CANINA,42.5653619,21.1360398
10731056105,clinic,Fizio Plus,42.6614061,20.2776168
10731767311,clinic,Laboratori Preventiva,42.7484191,20.7873317
10755394976,doctors,Poliklinika Endomedica,42.645359,21.1744644
10765349595,doctors,Olive medical,42.3595437,20.8119462
10765603389,pharmacy,Unknown,42.3922305,20.4291672
10765638088,pharmacy,Unknown,42.3924457,20.4241394
10765638089,pharmacy,Unknown,42.3919071,20.4246444
10779534913,dentist,Dental Plaza,42.366766,20.4355792
10796920106,clinic,Koshimed,42.3705756,20.4349512
10796920109,clinic,Klinika Lege Artis,42.3707975,20.4348935
10860815305,pharmacy,Dr. Vjosa Pharm,42.2093021,20.72847
10860815405,hospital,Poliklinika “AVA” - dental & medical clinic,42.2067224,20.720553
10861061505,clinic,Ambulanca Specialistike Kirurgjike ‘’ KIRURGJIA’’ Dr Halil Tanaj mr sc PhDc Kirurg i përgjithshëm endoskopist,42.64391,21.1503403
11008087476,pharmacy,SF FARMACIA,42.6340396,21.1539354
11008090889,pharmacy,SF FARMACIA,42.6458065,21.1763587
11016300702,dentist,Edo Dental,42.2170781,20.7450621
11016395651,doctors,Dr. Recep Rada,42.2121797,20.7441862
11016395829,pharmacy,Almir Pharm,42.2122648,20.744207
11017461062,dentist,Jeta Dent,42.2187917,20.7448141
11017461082,doctors,Dr. Adem Kafexholli,42.2183002,20.7478429
11017461099,pharmacy,Era,42.2157091,20.7464202
11017461101,dentist,Peek Dent,42.2158928,20.7463576
11055353192,hospital,Dream Hospital - Dr. Bajrami,42.3759063,21.1585734
11076795705,clinic,Klinika Premium+,42.3760883,20.4363766
11076795706,clinic,Klinika Premium+,42.3761222,20.4363708
11098945293,pharmacy,Apollo Pharmacy,42.663677,21.1656794
11098969248,pharmacy,Pure Pharm,42.6427061,21.0999036
11104293522,pharmacy,Pharmacy,42.4700293,21.4792444
11104902209,pharmacy,Riga Pharm,42.3726717,21.484346
11104902307,dentist,Art Dent,42.4755772,21.4548927
11105803605,pharmacy,Riga Pharm,42.5117534,21.6127832
11107046105,pharmacy,Pharmacy,42.2307943,20.7566836
11110291606,pharmacy,Pharmacy,42.4625384,21.474259
11110348405,pharmacy,Pharmacy,42.4656044,21.4734494
11110353706,doctors,Selami Koci,42.4546059,21.4586067
11110381407,pharmacy,Pharmacy,42.4572068,21.4631901
11110385005,clinic,Bio Lab,42.4465753,21.4597048
11134772246,clinic,Ordinanca Logopedike Hope,42.6467319,21.1505656
11134772264,clinic,Avicena ORL Clinic,42.6467622,21.1492918
11134772269,dentist,integrident,42.6470658,21.1493759
11134772270,doctors,PrimaLux,42.6470456,21.1494136
11141150106,clinic,GASTRO CLINIC CENTER,42.637657,21.1526469
11143096295,clinic,Laserway,42.6593444,21.1608128
11143096299,dentist,Beti Dent,42.6594161,21.1608611
11143096302,clinic,Truelife Clinic,42.6595923,21.1610333
11180688337,clinic,Shkumbini SB - Dr. Selajdin Boshnajku,42.3733054,20.4340904
11180688340,dentist,Dental Care,42.3734723,20.4340564
11180688342,dentist,Dental LS Xharra,42.3736516,20.4340356
11195684126,clinic,Fizioterapia Physio Time,42.4686362,21.4755721
11202325096,pharmacy,Barnatore Pharmaser.,42.6514043,21.1674752
11205146337,pharmacy,Unknown,42.6479985,21.1623929
11215379865,clinic,Leta,42.3704925,20.4303663
11215379867,pharmacy,Ideal,42.3699134,20.4336679
11215379873,clinic,Jonilab,42.3697481,20.4324072
11215379874,pharmacy,Elda Pharmacy,42.3697379,20.4323246
11215379875,clinic,Joni,42.3703291,20.4317784
11215379882,pharmacy,Shehu Pharm,42.3701291,20.4340231
11215379883,clinic,Infermeria,42.3701859,20.4338385
11215379885,clinic,Besi,42.3700396,20.4316984
11215379887,clinic,Femina,42.3705634,20.4316861
11215379888,clinic,3L,42.3699134,20.4314176
11215379892,pharmacy,Tilia-2,42.3699386,20.4306838
11215379901,clinic,B/Med,42.3717749,20.4297486
11215379903,clinic,Ordinanaca Infermierike Ylli,42.3710074,20.4299918
11215379904,clinic,Fla-Med,42.3709139,20.4300171
11215379905,clinic,Shëndeti,42.3706749,20.4301537
11215379907,clinic,Labochem,42.3702842,20.4300535
11215379908,clinic,DLD-Labor,42.3702437,20.4299796
11215379911,clinic,Alma Med,42.3696341,20.4313425
11228830979,pharmacy,Blendi Farm,42.3767521,20.4365527
11230819239,dentist,Mini Dental,42.3776527,20.4347043
11230819255,dentist,Dentisti AG,42.3766804,20.4375424
11234623124,doctors,Ordinanca Gjinekologjike Obstetrike NART GYNO,42.6391382,21.1049811
11247530737,clinic,Hoxhe Musli Zymberi,42.6792412,20.4360788
11368649603,hospital,Mjekësia Nukleare,42.6450947,21.1623041
11457645298,clinic,Qendra e Mjekësisë Familjare në Bob,42.2274016,21.2524343
11461446531,hospital,Unknown,42.2090818,21.1963931
11461446533,hospital,Unknown,42.2808182,21.180489
11495181005,dentist,Pana Dental Clinic,42.6690423,20.3080683
11510710448,clinic,Avicena KS,42.6555008,21.1469331
11537998369,hospital,RADIX center,42.4433707,20.9740959
11688916453,hospital,Dr. Kushtrim Shala - Kardiokirurg,42.6427785,21.1578909
11832833229,pharmacy,Barnatore Kushtrimi,42.6465629,21.1786251
11900381805,pharmacy,Riga Pharm,42.6475484,21.1308726
11924833054,clinic,My Clinic,42.6415659,21.1058361
12032889942,dentist,DafotaDent,42.3866192,20.4289349
12117603001,clinic,Poliklinika NATAL,42.6583976,21.1255244
12150457846,pharmacy,Apoteka,42.8946152,20.8652098
12158247879,dentist,Ar-Dent,42.6574288,21.1478479
12163254055,pharmacy,Bluepharm,42.649368,21.1499933
12163254056,pharmacy,Your Pharmacy,42.6489758,21.1519728
12163254057,clinic,Olive,42.6489992,21.1517043
12163254060,dentist,Dua Dent,42.6482699,21.1494124
12163254093,dentist,Dental Center,42.6495197,21.1509463
12163254095,pharmacy,Prime Pharma,42.6493839,21.1511747
12199051353,dentist,VZ Dent,42.6534096,21.1843825
12202023785,pharmacy,Riga,42.5241985,21.1218742
12270966537,pharmacy,D3 Pharmacy,42.6504063,21.1779211
12271003483,clinic,Kubati,42.6521409,21.1765942
12330824557,dentist,Emona Dent,42.6441209,21.174691
12565449978,dentist,EBRU DENTISTRY,42.4579038,21.4666011
12627315003,clinic,Sapphire Med Kosova,42.6437537,21.1558944
12763196901,dentist,DentalTherapy Arianit Demiri,42.6841111,21.0745183
12763197101,pharmacy,Barnatore QENDRESA,42.6841363,21.0745219
12789855879,hospital,Dental Praxis,42.3638475,20.8336428
12862704331,doctors,Labiohem,42.8232442,20.9694146
12890172601,pharmacy,Tana (Pika Pika),42.6316689,21.1518343
12890172602,pharmacy,Tana ( Pika Pika),42.6318298,21.151992
12890172603,pharmacy,Fjori Med Rina,42.6479263,21.1578573
12890172701,pharmacy,Hermes,42.6371959,21.1583747
12890172801,pharmacy,Humana NTP,42.6482044,21.1579303
12890172802,pharmacy,Nova Pharm,42.649063,21.1592492
12890338992,pharmacy,Unknown,42.2517049,20.7078171
12906137094,clinic,Ndihma e Parë,42.5752153,21.0295841
12937676524,pharmacy,Blue Pharm,42.3706394,20.4383783
12993109711,clinic,Alora Health and Beauty Center,42.6453235,21.1703354
13026871988,dentist,Poliklinika Apikodent,42.6650177,21.1625177
13088626864,clinic,Smile,42.6554503,21.1809551
13098918427,dentist,Dental X-ray,42.6543355,21.1767191
13098918428,dentist,Orthodontic center,42.6544747,21.1769096
13116289698,pharmacy,Barnatore Alba,42.5200317,21.1208208
13184557264,pharmacy,Riga Pharm,42.6415492,21.1035472
13197779997,doctors,Alergjia,42.5212653,21.1191076
13359663778,dentist,Uskana Dent,42.6529531,21.149873
13359663792,pharmacy,Alsi Pharm,42.6535841,21.1512403
13359663793,pharmacy,Riga Pharm,42.6536068,21.1513069
13372027257,hospital,Unknown,42.789814,21.1503765
13415607715,pharmacy,Unknown,42.5655781,20.8295579
13460219002,dentist,NomaDent,42.6538613,21.1601564
13474654857,dentist,Dr.Besnik Shehu - Dental Clinic,42.6262933,20.8937787
